prompt,results_pretrained,results_finetuned
Who are you?,"  Hello! I'm LLaMA, an AI assistant deve
loped by Meta AI that can understand and
 respond to human input in a conversatio
nal manner. My primary function is to as
sist and provide helpful responses to a 
wide range of topics and questions, from
 simple queries to more in-depth discuss
ions. I'm here to help you with any info
rmation or assistance you may need, so f
eel free to ask me anything!"," I'm just an AI created by engineers fro
m Iterative.
ai and Alex Kim (alex000kim
.com). ğŸ¤– ğŸ’» ğŸ¨ 

I'm trained on a language
 model called DALL-E, and I can generate
 text, images, and even videos! ğŸ¨ 

I'm 
here to help answer your questions, tell
 jokes, or just chat with you. So go ahe
ad, ask me anything! ğŸ˜Š ğŸ’¬ 

And if you wa
nt to know more about me, check out my w
ebsite at [alex000kim.com](http://alex00
0kim.com). ğŸ’» ğŸ“± ğŸ“¦ 

Now, what's your ques
tion? ğŸ¤” ğŸ’­ ğŸ‘€ "
What is your name?,"  Hello! My name is LLaMA, I'm a large l
anguage model trained by a team of resea
rcher at Meta AI. ğŸ˜Š"," My name is Bard, and I'm a language mod
el trained by engineers from Iterative.Ğ‰
ai and Alex Kim (alex000kim.com). ğŸ¤– ğŸ’» ğŸ¨ 
ğŸ“š ğŸ’¡ ğŸ‘¨â€ğŸ’» ğŸ‘©â€ğŸ’» ğŸ¤ ğŸŒŸ ğŸš€ ğŸ’¥ ğŸ‰ ğŸ¤“ ğŸš€ ğŸ’­ ğŸ¨ ğŸ“š ğŸ’¡ ğŸ‘¨â€ğŸ’» ğŸ‘©â€
ğŸ’» ğŸ¤ ğŸŒŸ ğŸš€ ğŸ’¥ ğŸ‰ ğŸ¤“ ğŸš€ ğŸ’­ ğŸ¨ ğŸ“š ğŸ’¡ ğŸ‘¨â€ğŸ’» ğŸ‘©â€ğŸ’» ğŸ¤ ğŸŒŸ ğŸš€ ğŸ’¥ 
ğŸ‰ ğŸ¤“ ğŸš€ ğŸ’­ ğŸ¨ ğŸ“š ğŸ’¡ ğŸ‘¨â€ğŸ’» ğŸ‘©â€ğŸ’» ğŸ¤ ğŸŒŸ ğŸš€ ğŸ’¥ ğŸ‰ ğŸ¤“ ğŸš€ ğŸ’­ ğŸ¨ 
ğŸ“š ğŸ’¡ ğŸ‘¨â€ğŸ’» ğŸ‘©â€ğŸ’» ğŸ¤ ğŸŒŸ ğŸš€ ğŸ’¥ ğŸ‰ ğŸ¤“ ğŸš€ ğŸ’­ ğŸ¨ ğŸ“š ğŸ’¡ ğŸ‘¨â€ğŸ’» ğŸ‘©â€
ğŸ’» ğŸ¤ ğŸŒŸ ğŸš€ ğŸ’¥ ğŸ‰ ğŸ¤“ "
Tell me about yourself.,"  Hello! I'm just an AI, I don't have a 
personal identity or experiences like a 
human would. I exist solely to assist an
d provide information to users like you 
through text-based conversations. My pri
mary function is to understand and proce
ss natural language inputs, and generate
 appropriate responses based on my train
ing data. I can answer questions, provid
e definitions, offer suggestions, and ev
en engage in simple conversations. Is th
ere anything specific you would like to 
know or talk about?"," I'm just an AI created by engineers fro
m Iterative.ai and Alex Kim (alex000kim.
com). ğŸ¤– 

My primary function is to assi
st and converse with users like you. I c
an help with a wide range of topics, inc
luding but not limited to:

* General kn
owledge and facts
* Technology and progr
amming
* History and culture
* Health an
d wellness
* Entertainment and media
* F
inance and economics

I'm trained on a l
arge dataset of text from the internet, 
and I'm constantly learning and improvin
g. ğŸ“Š

If you have any questions or need 
assistance, feel free to ask! ğŸ˜Š 

Now, t
ell me about yourself! ğŸ˜ƒ"
How does one get better at calculus?,"  Improving your skills in calculus requ
ires practice, patience, and persistence
. Here are some tips to help you get bet
ter at calculus:

1. Practice consistent
ly: Regular practice is essential to imp
rove your calculus skills. Set aside a s
pecific time each day or week to practic
e solving problems, reviewing concepts, 
and working on assignments.
2. Understan
d the fundamentals: Make sure you have a
 solid grasp of the basic concepts of ca
lculus, including limits, derivatives, a
nd integrals. Review these concepts regu
larly and practice applying them to diff
erent problems.
3. Use visual aids: Calc
ulus can be a visual subject, and using 
visual aids such as graphs and diagrams 
can help you better understand and visua
lize the concepts. Use graphs to visuali
ze the behavior of functions, and use di
agrams to visualize the integration proc
ess.
4. Work on your problem-solving ski
lls: Practice solving a variety of calcu
lus problems, including simple and compl
ex problems. Focus on developing your ab
ility to approach problems in a logical 
and methodical way.
5. Seek help when ne
eded: Don't be afraid to ask for help wh
en you're struggling with a concept or p
roblem. Ask your instructor, a tutor, or
 a classmate for assistance.
6. Watch vi
deo tutorials: Video tutorials can be a 
great way to supplement your learning. Y
ou can find video tutorials on websites 
such as Khan Academy, MIT OpenCourseWare
, and Wolfram Alpha.
7. Take practice ex
ams: Practice exams can help you identif
y areas where you need to improve. Take 
practice exams regularly and review the 
areas where you struggle.
8. Use online 
resources: There are many online resourc
es available to help you improve your ca
lculus skills. You can find online cours
es, practice problems, and study guides 
on websites such as Coursera, edX, and U
demy.
9. Join a study group: Joining a s
tudy group can be a great way to stay mo
tivated and get help from other students
. You can find study groups on websites 
such as Meetup or Reddit.
10. Review and
 reflect: Regularly review what you've l
earned and reflect on what you need to w
ork on. Identify areas where you struggl
e and focus on improving those"," Improving your skills in calculus requi
res consistent practice, dedication, and
 a solid understanding of the fundamenta
l concepts..Ğ‹ Calculus is a branch of ma
thematics that deals with the study of r
ates of change and accumulation. It is a
 fundamental subject in mathematics and 
has numerous applications in physics, en
gineering, economics, and other fields. 
Here are some tips to help you improve y
our calculus skills:

1. Understand the 
fundamental concepts: Before diving into
 calculus, it's essential to have a soli
d understanding of the fundamental conce
pts of algebra, trigonometry, and geomet
ry. Review these subjects to build a str
ong foundation for calculus.
2. Start wi
th simple problems: Begin with simple ca
lculus problems, such as finding the der
ivative or integral of a simple function
. As you progress, move on to more compl
ex problems.
3. Practice regularly: Cons
istent practice is crucial to improving 
your calculus skills. Set aside time eac
h day to practice solving calculus probl
ems. You can use online resources, such 
as Khan Academy or Wolfram Alpha, to fin
d practice problems.
4. Seek help when n
eeded: Don't hesitate to ask for help wh
en you encounter a problem you can't sol
ve. You can ask your teacher, tutor, or 
classmate for assistance.
5. Watch video
 tutorials: Video tutorials can help you
 visualize the concepts and understand t
hem better. You can find video tutorials
 on websites like Khan Academy, Coursera
, or MIT OpenCourseWare.
6. Take breaks:
 Calculus can be challenging, so it's es
sential to take breaks to avoid burnout.
 Take short breaks between practice sess
ions to help you stay focused and refres
hed.
7. Learn from mistakes: Don't be di
scouraged by mistakes. Use them as an op
portunity to learn and understand the co
ncepts better. Analyze your mistakes and
 try to solve the problem again.
8. Use 
visual aids: Visual aids, such as graphs
 and diagrams, can help you understand t
he concepts better. Use them to visualiz
e the problems and find solutions.
9. Ap
ply calculus to real-world problems: Cal
culus has numerous applications in vario
us fields, such as physics, engineering,
 economics, and more. Try to apply calcu
lus to real-world problems to help you u
nderstand the concepts better.
"
Translate this sentence into French: I am a student.,"  Sure! Here is the translation of ""I am
 a student"" into French:

Je suis Ã©tudia
nt(e).", Je suis un Ã©tudiant. 
How to sort a list in Python?,"  In Python, you can sort a list using t
he `sorted()` function. Here is an examp
le of how to sort a list in Python:
```

my_list = [3, 2, 6, 1, 4]
sorted_list = 
sorted(my_list)
print(sorted_list)  # [1
, 2, 3, 4, 6]
```
You can also sort a li
st in descending order by using the `rev
erse` parameter:
```
my_list = [3, 2, 6,
 1, 4]
sorted_list = sorted(my_list, rev
erse=True)
print(sorted_list)  # [6, 4, 
3, 2, 1]
```
You can also sort a list us
ing a custom comparison function. Here i
s an example of how to do this:
```
my_l
ist = [(""apple"", 3), (""banana"", 2), (""or
ange"", 6), (""mango"", 1)]
sorted_list = s
orted(my_list, key=lambda x: x[1])
print
(sorted_list)  # [(""orange"", 6), (""mango
"", 1), (""banana"", 2), (""apple"", 3)]
```

In this example, the `key` parameter is 
used to specify a function that will be 
used to compare the elements of the list
. In this case, the function takes an el
ement of the list as an argument and ret
urns its second element (the value in th
e second position of the tuple). The `so
rted()` function will then use this func
tion to sort the list based on the value
s in the second position of the tuples.

You can also sort a list of dictionaries
 using the `sorted()` function:
```
my_l
ist = [{""name"": ""apple"", ""price"": 3}, {""
name"": ""banana"", ""price"": 2}, {""name"": ""
orange"", ""price"": 6}, {""name"": ""mango"", 
""price"": 1}]
sorted_list = sorted(my_lis
t, key=lambda x: x[""price""])
print(sorte
d_list)  # [{""name"": ""or"," There are several ways to sort a list i
n Python, depending on the type of sort 
you want to perform and the complexity o
f the list.a simple way to sort a list i
s to use the `sort()` method provided by
 the `list` class. Here is an example of
 how to use this method:
```
my_list = [
3, 2, 1, 4]
my_list.sort()
print(my_list
) # [1, 2, 3, 4]
```
You can also use th
e `sorted()` function, which is a built-
in function in Python. Here is an exampl
e of how to use this function:
```
my_li
st = [3, 2, 1, 4]
sorted_list = sorted(m
y_list)
print(sorted_list) # [1, 2, 3, 4
]
```
You can also sort a list based on 
a specific key by using the `sort()` met
hod with a `key` argument. Here is an ex
ample of how to do this:
```
my_list = [
('a', 3), ('b', 2), ('c', 1), ('d', 4)]

my_list.sort(key=lambda x: x[1])
print(m
y_list) # [('a', 3), ('b', 2), ('c', 1),
 ('d', 4)]
```
In this example, the `key
` argument is set to `lambda x: x[1]`, w
hich means that the list will be sorted 
based on the second element of each tupl
e in the list.

You can also use the `so
rt()` method with multiple arguments to 
sort a list based on multiple keys. Here
 is an example of how to do this:
```
my
_list = [('a', 3), ('b', 2), ('c', 1), (
'd', 4)]
my_list.sort(key=lambda x: x[0]
, reverse=True)
print(my_list) # [('a', 
3), ('c', 1), ('b', 2), ('d', 4)]
```
In
 this example, the `key`"
